State_FIPS,County_FIPS,County,I_Bartell_Election_Day,I_Bartell_Absentee_Mail,I_Bartell_Advanced_Voting,I_Bartell_Provisional,I_Bartell_Total,I_Buckley_Election_Day,I_Buckley_Absentee_Mail,I_Buckley_Advanced_Voting,I_Buckley_Provisional,I_Buckley_Total,R_Collins_Election_Day,R_Collins_Absentee_Mail,R_Collins_Advanced_Voting,R_Collins_Provisional,R_Collins_Total,G_Fortuin_Election_Day,G_Fortuin_Absentee_Mail,G_Fortuin_Advanced_Voting,G_Fortuin_Provisional,G_Fortuin_Total,R_Grayson_Election_Day,R_Grayson_Absentee_Mail,R_Grayson_Advanced_Voting,R_Grayson_Provisional,R_Grayson_Total,I_Greene_Election_Day,I_Greene_Absentee_Mail,I_Greene_Advanced_Voting,I_Greene_Provisional,I_Greene_Total,R_Jackson_Election_Day,R_Jackson_Absentee_Mail,R_Jackson_Advanced_Voting,R_Jackson_Provisional,R_Jackson_Total,D_Jackson_Election_Day,D_Jackson_Absentee_Mail,D_Jackson_Advanced_Voting,D_Jackson_Provisional,D_Jackson_Total,D_James_Election_Day,D_James_Absentee_Mail,D_James_Advanced_Voting,D_James_Provisional,D_James_Total,R_Johnson_Election_Day,R_Johnson_Absentee_Mail,R_Johnson_Advanced_Voting,R_Johnson_Provisional,R_Johnson_Total,D_JohnsonShealey_Election_Day,D_JohnsonShealey_Absentee_Mail,D_JohnsonShealey_Advanced_Voting,D_JohnsonShealey_Provisional,D_JohnsonShealey_Total,D_Lieberman_Election_Day,D_Lieberman_Absentee_Mail,D_Lieberman_Advanced_Voting,D_Lieberman_Provisional,D_Lieberman_Total,R_Loeffler_Election_Day,R_Loeffler_Absentee_Mail,R_Loeffler_Advanced_Voting,R_Loeffler_Provisional,R_Loeffler_Total,D_Slade_Election_Day,D_Slade_Absentee_Mail,D_Slade_Advanced_Voting,D_Slade_Provisional,D_Slade_Total,L_Slowinski_Election_Day,L_Slowinski_Absentee_Mail,L_Slowinski_Advanced_Voting,L_Slowinski_Provisional,L_Slowinski_Total,I_Stovall_Election_Day,I_Stovall_Absentee_Mail,I_Stovall_Advanced_Voting,I_Stovall_Provisional,I_Stovall_Total,D_Tarver_Election_Day,D_Tarver_Absentee_Mail,D_Tarver_Advanced_Voting,D_Tarver_Provisional,D_Tarver_Total,R_Taylor_Election_Day,R_Taylor_Absentee_Mail,R_Taylor_Advanced_Voting,R_Taylor_Provisional,R_Taylor_Total,D_Warnock_Election_Day,D_Warnock_Absentee_Mail,D_Warnock_Advanced_Voting,D_Warnock_Provisional,D_Warnock_Total,D_Winfield_Election_Day,D_Winfield_Absentee_Mail,D_Winfield_Advanced_Voting,D_Winfield_Provisional,D_Winfield_Total,Total
13,001,Appling,8,3,8,0,19,5,9,7,0,21,543,346,1462,4,2355,8,6,3,0,17,19,12,58,0,89,6,2,7,0,15,19,7,25,0,51,58,86,162,0,306,24,19,45,0,88,22,1,41,0,64,13,10,30,1,54,20,20,45,0,85,496,338,971,2,1807,6,8,26,1,41,6,2,15,0,23,3,2,2,0,7,0,3,8,0,11,595,167,1266,2,2030,172,393,484,2,1051,9,7,9,0,25,8159
13,003,Atkinson,6,3,6,0,15,11,3,8,0,22,326,74,637,1,1038,3,0,2,0,5,16,4,35,0,55,3,1,5,0,9,19,2,17,0,38,41,23,85,0,149,15,2,25,0,42,13,1,22,0,36,14,6,33,0,53,22,9,25,0,56,275,89,582,0,946,8,0,7,0,15,7,1,2,0,10,1,0,5,0,6,1,4,3,0,8,21,2,40,0,63,111,61,234,0,406,7,3,13,0,23,2995
13,005,Bacon,4,0,4,0,8,5,0,8,0,13,157,196,1292,1,1646,5,2,3,0,10,11,18,64,0,93,4,3,2,0,9,5,3,38,0,46,28,28,49,0,105,9,14,16,0,39,18,4,64,0,86,12,5,17,1,35,10,13,26,0,49,142,232,1173,0,1547,3,0,9,0,12,4,0,8,0,12,0,1,2,0,3,2,2,3,0,7,65,27,370,0,462,57,110,148,0,315,5,3,7,0,15,4512
13,007,Baker,2,4,1,0,7,1,3,0,0,4,110,51,226,1,388,1,0,2,0,3,5,2,7,0,14,0,0,1,0,1,4,1,5,0,10,28,30,31,0,89,4,6,11,0,21,5,1,11,0,17,9,12,12,0,33,6,2,11,0,19,151,67,194,1,413,2,4,3,0,9,3,0,1,0,4,0,0,0,0,0,3,0,1,0,4,2,1,5,0,8,92,166,199,0,457,4,3,6,0,13,1514
13,009,Baldwin,14,20,23,0,57,21,19,32,0,72,664,483,2373,1,3521,13,6,26,0,45,50,20,92,0,162,16,11,36,0,63,43,18,60,0,121,233,279,686,0,1198,70,89,163,0,322,63,11,110,0,184,82,78,204,0,364,94,102,248,0,444,946,748,2942,3,4639,41,18,95,0,154,37,8,67,0,112,13,9,18,0,40,6,17,30,0,53,23,12,57,0,92,950,2238,2978,1,6167,31,32,69,0,132,17942
13,011,Banks,6,7,7,0,20,9,2,16,0,27,920,603,3181,6,4710,5,6,7,0,18,34,5,75,0,114,3,0,11,0,14,19,8,50,0,77,27,31,51,1,110,9,9,14,1,33,20,7,38,1,66,10,10,16,0,36,14,17,44,0,75,543,399,1659,4,2605,3,1,8,0,12,24,7,22,0,53,2,1,12,0,15,1,6,5,0,12,30,7,24,0,61,84,240,279,1,604,4,4,9,0,17,8679
13,013,Barrow,46,17,61,0,124,46,36,87,0,169,1941,1524,6205,1,9671,29,33,50,0,112,169,104,328,0,601,42,20,61,0,123,142,67,289,0,498,341,494,917,0,1752,89,136,203,0,428,115,32,238,0,385,114,165,318,0,597,168,194,394,0,756,3106,2314,9061,2,14483,73,40,146,0,259,156,66,217,0,439,33,19,57,0,109,18,34,50,0,102,116,46,262,0,424,882,2228,2912,3,6025,24,46,63,0,133,37190
13,015,Bartow,55,26,56,1,138,63,51,90,0,204,3258,2163,7459,10,12890,50,52,58,0,160,274,104,440,2,820,53,22,73,0,148,208,88,292,0,588,351,470,749,1,1571,104,130,237,0,471,173,39,227,0,439,132,145,297,2,576,247,292,485,1,1025,5526,3496,12157,4,21183,84,41,143,0,268,186,83,201,1,471,39,23,48,0,110,15,39,32,0,86,209,48,383,0,640,1292,3041,3319,3,7655,53,43,78,1,175,49618
13,017,Ben Hill,6,5,16,0,27,11,6,12,0,29,187,190,1503,0,1880,7,5,6,0,18,24,15,56,0,95,7,3,13,1,24,14,3,59,0,76,83,109,244,0,436,23,26,72,0,121,16,5,50,0,71,35,45,91,0,171,21,39,86,0,146,164,295,1321,0,1780,9,8,34,0,51,6,4,13,0,23,2,3,6,0,11,1,8,9,0,18,13,9,84,0,106,143,425,740,0,1308,6,10,37,0,53,6444
13,019,Berrien,12,4,11,0,27,7,8,9,0,24,681,308,1488,0,2477,7,8,6,0,21,48,19,74,0,141,10,1,15,0,26,16,10,31,0,57,52,48,108,0,208,16,16,22,0,54,32,7,63,0,102,13,13,36,0,62,28,36,38,0,102,936,404,1975,0,3315,13,2,14,0,29,10,3,12,0,25,4,5,2,0,11,2,4,7,0,13,57,4,78,0,139,187,183,331,0,701,6,7,9,0,22,7556
13,021,Bibb,52,87,43,0,182,59,77,70,0,206,2741,2104,5312,0,10157,52,42,60,0,154,174,78,164,0,416,64,31,56,0,151,159,75,195,0,429,1290,1288,2278,0,4856,518,445,970,0,1933,148,93,174,0,415,350,374,678,0,1402,419,451,706,0,1576,4374,3117,7066,0,14557,209,96,309,0,614,142,61,142,0,345,45,35,46,0,126,61,151,115,0,327,114,28,140,0,282,5578,10435,14770,0,30783,233,173,330,0,736,69647
13,023,Bleckley,3,4,8,0,15,6,3,11,0,20,362,284,1280,1,1927,3,4,1,0,8,24,12,34,0,70,5,3,5,0,13,9,2,23,0,34,49,42,89,0,180,17,15,27,0,59,16,5,26,0,47,6,8,15,0,29,18,19,33,0,70,494,302,1336,1,2133,5,1,9,0,15,11,2,16,0,29,3,0,3,0,6,1,5,4,0,10,11,2,33,0,46,190,294,392,0,876,4,10,12,0,26,5613
13,025,Brantley,11,6,17,0,34,18,10,20,1,49,823,316,1986,3,3128,10,4,7,0,21,103,28,158,0,289,13,3,9,0,25,60,22,106,0,188,40,36,87,0,163,10,11,16,0,37,82,16,129,0,227,10,7,19,0,36,32,32,67,0,131,638,256,1513,3,2410,6,3,10,0,19,17,2,28,0,47,7,4,3,0,14,2,7,8,0,17,109,16,179,0,304,48,77,110,1,236,1,6,6,0,13,7388
13,027,Brooks,10,10,7,0,27,11,7,10,0,28,546,214,986,4,1750,7,4,7,0,18,56,15,82,0,153,9,4,7,0,20,31,12,42,0,85,165,210,309,0,684,43,59,90,2,194,23,6,42,0,71,54,51,105,1,211,55,91,113,0,259,661,261,1029,2,1953,15,22,39,0,76,13,2,16,0,31,2,2,9,0,13,19,37,35,1,92,37,10,57,0,104,127,520,377,0,1024,8,23,11,0,42,6835
13,029,Bryan,22,18,51,0,91,30,16,59,0,105,804,597,3372,2,4775,17,24,27,0,68,81,39,218,0,338,19,9,36,0,64,67,30,202,0,299,158,263,549,2,972,32,73,163,0,268,93,11,186,1,291,65,88,224,0,377,81,124,323,0,528,1334,909,5706,1,7950,31,20,78,0,129,67,42,124,0,233,14,15,31,0,60,4,24,29,0,57,64,25,179,0,268,442,1303,2195,1,3941,8,29,33,0,70,20884
13,031,Bulloch,35,18,37,1,91,68,46,65,1,180,2667,1250,3931,6,7854,37,33,39,0,109,162,40,167,0,369,36,12,39,0,87,150,24,131,2,307,418,432,901,5,1756,146,126,254,3,529,160,24,123,2,309,169,129,265,3,566,165,172,319,0,656,3158,1449,4327,10,8944,69,27,127,0,223,111,43,92,1,247,25,18,29,0,72,13,46,42,1,102,157,43,162,1,363,1309,2303,3038,15,6665,34,44,50,1,129,29558
13,033,Burke,6,5,7,0,18,13,10,10,0,33,634,223,1059,0,1916,6,12,1,0,19,41,15,35,0,91,7,2,5,0,14,32,10,29,0,71,283,196,303,0,782,74,77,74,0,225,54,2,44,0,100,60,41,72,0,173,86,40,95,0,221,1081,397,1540,0,3018,41,10,44,0,95,21,6,21,0,48,3,3,11,0,17,50,211,83,0,344,32,5,31,0,68,848,1176,1134,0,3158,20,11,23,0,54,10465
13,035,Butts,6,6,11,0,23,6,13,17,0,36,300,454,2436,0,3190,4,7,15,0,26,26,15,86,0,127,6,3,17,0,26,26,9,75,0,110,66,87,284,0,437,26,27,82,0,135,26,11,87,0,124,15,33,107,0,155,34,51,101,0,186,396,630,3513,0,4539,11,8,35,0,54,12,7,41,0,60,2,7,14,0,23,1,4,13,0,18,10,6,78,0,94,216,699,1292,0,2207,4,10,20,0,34,11604
13,037,Calhoun,2,6,1,0,9,4,1,2,0,7,106,44,209,0,359,3,0,3,0,6,7,4,10,0,21,6,0,0,0,6,4,3,0,0,7,60,54,65,0,179,13,13,16,0,42,5,1,3,0,9,15,19,21,0,55,16,14,27,0,57,149,99,262,0,510,12,7,9,0,28,3,0,1,0,4,2,0,1,0,3,1,2,2,0,5,3,0,3,0,6,220,291,308,0,819,8,9,7,0,24,2156
13,039,Camden,43,26,56,0,125,55,35,79,0,169,1311,847,3754,1,5913,34,28,35,0,97,230,109,530,0,869,37,13,66,0,116,153,54,295,1,503,252,589,939,1,1781,110,144,269,0,523,117,50,245,0,412,121,141,287,1,550,143,266,466,0,875,1436,1057,4137,1,6631,65,58,173,0,296,121,50,162,0,333,28,23,53,0,104,21,46,42,0,109,109,40,271,0,420,343,1194,1429,1,2967,19,42,63,0,124,22917
13,043,Candler,6,3,2,0,11,7,2,7,0,16,608,125,512,0,1245,3,3,3,0,9,40,5,25,0,70,3,4,7,0,14,20,3,15,0,38,92,47,58,0,197,27,15,14,1,57,38,3,15,0,56,24,7,17,0,48,31,24,30,0,85,788,223,544,0,1555,13,4,9,0,26,18,2,2,0,22,2,0,1,0,3,5,2,4,0,11,35,4,21,0,60,317,244,212,0,773,6,2,3,0,11,4307
13,045,Carroll,48,28,56,2,134,58,46,78,0,182,4048,1737,8423,13,14221,51,30,71,0,152,245,83,319,2,649,55,19,89,1,164,193,52,309,1,555,462,517,1119,3,2101,137,145,378,0,660,190,30,261,1,482,176,145,430,1,752,233,227,562,0,1022,5811,2739,11611,6,20167,86,36,197,0,319,185,49,206,0,440,37,22,57,0,116,19,30,45,2,96,199,34,332,2,567,1835,3220,5624,9,10688,66,53,101,0,220,53687
13,047,Catoosa,30,33,41,0,104,34,38,51,0,123,1570,939,5724,5,8238,33,26,59,0,118,212,97,522,0,831,56,36,120,1,213,183,59,490,3,735,216,367,824,1,1408,57,75,204,0,336,151,54,363,2,570,68,84,202,0,354,165,308,662,3,1138,2621,1765,9187,4,13577,56,21,133,0,210,139,30,183,2,354,26,11,49,0,86,19,63,88,0,170,164,40,393,2,599,292,848,1274,1,2415,23,48,64,0,135,31714
13,049,Charlton,5,3,11,0,19,8,10,8,0,26,495,183,941,2,1621,4,1,4,0,9,66,20,95,0,181,10,2,9,0,21,39,12,38,0,89,69,82,193,0,344,18,15,32,0,65,54,9,71,0,134,29,14,35,0,78,23,23,53,0,99,346,135,614,0,1095,14,3,16,0,33,13,4,17,0,34,4,1,3,0,8,4,1,7,0,12,38,5,57,0,100,47,119,168,0,334,4,7,10,0,21,4323
13,051,Chatham,159,130,116,0,405,190,172,137,0,499,5575,4574,8284,0,18433,157,187,131,0,475,466,222,413,0,1101,156,74,112,0,342,492,189,423,0,1104,2719,2523,3834,0,9076,711,647,1002,0,2360,368,103,287,0,758,1014,749,1510,0,3273,1105,1115,1688,0,3908,10469,6976,12992,0,30437,474,200,582,0,1256,455,196,326,0,977,124,90,117,0,331,97,253,174,0,524,350,138,349,0,837,11407,21814,21395,0,54616,161,229,207,0,597,131309
13,053,Chattahoochee,2,3,6,0,11,2,2,3,0,7,116,53,202,1,372,1,0,2,0,3,12,7,7,0,26,1,0,1,0,2,6,3,10,0,19,19,26,61,0,106,6,13,17,0,36,7,0,8,0,15,3,11,12,0,26,13,6,18,0,37,130,59,199,0,388,3,2,6,0,11,10,6,4,0,20,3,1,7,0,11,2,4,1,0,7,4,4,12,0,20,102,96,210,2,410,2,1,4,0,7,1534
13,055,Chattooga,11,9,21,0,41,18,9,20,0,47,834,388,1660,1,2883,6,12,13,0,31,79,31,121,0,231,31,8,46,0,85,51,12,76,1,140,61,79,110,0,250,26,35,33,1,95,64,16,81,0,161,30,15,28,0,73,56,61,110,0,227,1149,588,2121,0,3858,13,10,24,0,47,32,9,29,0,70,9,3,11,0,23,2,7,9,0,18,72,22,165,0,259,217,404,507,1,1129,5,12,18,0,35,9703
13,057,Cherokee,137,97,161,0,395,192,151,239,0,582,7309,7338,20188,0,34835,121,176,183,0,480,512,288,899,0,1699,138,79,157,0,374,548,279,900,0,1727,867,1564,2618,0,5049,255,329,546,0,1130,364,151,607,0,1122,335,405,634,0,1374,759,1076,1798,0,3633,13728,11634,31965,0,57327,192,146,440,0,778,699,308,703,0,1710,113,72,153,0,338,51,182,99,0,332,385,206,682,0,1273,3773,11860,11759,0,27392,93,181,196,0,470,142020
13,059,Clarke,39,43,49,0,131,57,60,51,1,169,1209,1748,2829,6,5792,71,115,111,2,299,88,79,142,0,309,47,25,38,2,112,99,50,132,2,283,915,1194,2127,9,4245,259,261,496,2,1018,69,26,91,0,186,345,357,686,5,1393,342,470,791,0,1603,1840,2316,3868,7,8031,134,82,262,1,479,168,104,172,1,445,40,51,55,0,146,33,111,91,0,235,73,45,88,0,206,2932,10723,10901,12,24568,111,373,462,1,947,50597
13,061,Clay,1,0,2,0,3,0,2,4,0,6,46,37,176,0,259,2,0,3,0,5,5,3,10,0,18,2,2,6,0,10,3,5,8,0,16,39,44,59,0,142,7,9,15,0,31,8,1,7,0,16,10,10,13,0,33,11,8,10,0,29,58,61,186,0,305,8,5,9,0,22,3,1,2,0,6,0,1,1,0,2,3,4,1,0,8,4,2,7,0,13,81,192,201,0,474,3,4,4,0,11,1409
13,063,Clayton,113,110,104,0,327,81,121,105,0,307,915,1478,2926,0,5319,62,77,109,0,248,149,144,258,0,551,96,39,104,0,239,176,92,273,0,541,3315,2899,7352,0,13566,1032,1038,2255,0,4325,107,40,203,0,350,1102,950,2171,0,4223,750,467,1608,0,2825,1309,2139,3592,0,7040,568,251,1106,0,1925,127,69,128,0,324,260,270,584,0,1114,89,151,193,0,433,104,67,144,0,315,9551,19766,35678,0,64995,294,211,585,0,1090,110057
13,065,Clinch,4,0,7,0,11,6,1,7,0,14,216,81,445,0,742,1,0,4,0,5,27,8,37,0,72,3,0,3,0,6,12,2,23,0,37,66,33,119,0,218,11,4,21,0,36,14,3,26,0,43,17,19,33,0,69,11,4,25,0,40,298,111,657,0,1066,9,1,7,0,17,4,2,5,0,11,4,0,2,0,6,7,2,3,0,12,17,5,16,0,38,67,56,116,0,239,5,7,6,0,18,2700
13,067,Cobb,325,479,385,3,1192,418,662,476,10,1566,11368,19338,27032,52,57790,402,659,513,5,1579,845,802,1257,13,2917,341,290,426,6,1063,965,850,1506,12,3333,5413,8675,13620,77,27785,1744,2445,4290,27,8506,625,385,873,6,1889,1800,2482,4204,25,8511,2420,4436,6040,10,12906,21959,31238,45108,47,98352,1065,707,2400,5,4177,1331,1012,1335,8,3686,368,384,450,3,1205,229,824,572,0,1625,699,544,1012,8,2263,16343,69201,60331,149,146024,412,808,987,6,2213,388582
13,069,Coffee,15,7,24,0,46,25,9,28,0,62,1094,366,3373,0,4833,7,6,16,0,29,84,16,138,0,238,12,1,29,0,42,41,7,77,0,125,191,171,457,0,819,58,46,129,0,233,60,11,108,0,179,97,53,149,0,299,76,51,180,0,307,1031,432,2840,0,4303,37,7,43,0,87,17,3,30,0,50,9,7,9,0,25,14,17,18,0,49,99,24,302,0,425,584,519,1315,0,2418,20,9,34,0,63,14632
13,071,Colquitt,20,10,14,0,44,20,7,15,0,42,1508,500,2327,1,4336,17,3,10,0,30,88,24,103,0,215,6,5,25,0,36,49,14,68,2,133,164,181,308,2,655,30,43,89,0,162,50,9,77,1,137,55,67,106,0,228,72,65,123,0,260,2377,798,3380,6,6561,20,8,34,0,62,37,9,29,0,75,7,4,6,0,17,12,14,12,0,38,58,15,83,0,156,728,687,1114,1,2530,12,26,24,0,62,15779
13,073,Columbia,87,75,111,1,274,102,77,124,0,303,4274,2795,11213,17,18299,82,73,101,0,256,315,134,458,2,909,94,36,105,0,235,300,115,451,0,866,728,1178,2189,5,4100,236,375,600,2,1213,249,71,352,1,673,282,328,625,3,1238,459,494,1100,1,2054,7728,4073,16781,24,28606,142,93,329,0,564,298,100,349,1,748,62,55,89,0,206,203,650,692,0,1545,227,93,365,0,685,2526,5476,8227,16,16245,90,109,186,1,386,79405
13,075,Cook,3,6,10,0,19,8,10,14,0,32,377,186,1199,0,1762,3,3,7,0,13,31,9,63,0,103,6,5,7,0,18,16,5,47,0,68,114,92,194,0,400,28,23,55,0,106,16,4,40,0,60,36,17,53,0,106,43,25,77,0,145,616,271,1815,1,2703,16,10,24,0,50,16,4,19,0,39,3,3,6,0,12,10,16,19,0,45,29,6,90,0,125,275,272,538,0,1085,3,4,16,0,23,6914
13,077,Coweta,77,61,59,0,197,85,76,71,0,232,6237,3537,9049,1,18824,67,76,69,1,213,423,122,396,0,941,67,33,45,0,145,329,124,342,0,795,707,822,1200,3,2732,206,230,300,1,737,269,65,255,0,589,237,248,386,2,873,395,462,668,1,1526,10210,5583,13132,2,28927,148,77,186,0,411,352,125,207,2,686,62,45,46,0,153,27,80,39,0,146,274,98,263,1,636,3485,6652,6450,6,16593,97,90,99,0,286,75642
13,079,Crawford,6,5,6,0,17,12,9,15,0,36,431,195,1145,0,1771,4,1,4,0,9,23,6,48,0,77,5,2,3,0,10,8,3,19,0,30,27,50,102,0,179,16,16,23,0,55,23,2,39,0,64,7,11,35,0,53,21,19,47,0,87,594,326,1360,1,2281,8,3,17,0,28,14,2,13,0,29,1,0,4,0,5,1,5,4,0,10,17,8,30,0,55,184,401,586,1,1172,6,10,14,0,30,5998
13,081,Crisp,10,8,16,0,34,3,5,9,0,17,395,380,1539,2,2316,4,2,5,0,11,27,12,50,0,89,9,0,4,0,13,15,8,33,0,56,140,148,280,1,569,26,33,59,0,118,12,5,28,0,45,35,40,74,0,149,25,29,78,0,132,464,373,1492,1,2330,26,15,32,0,73,9,4,14,0,27,2,3,5,0,10,6,4,12,0,22,29,8,50,1,88,289,531,918,0,1738,8,14,26,0,48,7885
13,083,Dade,9,4,19,0,32,21,10,11,0,42,636,236,1188,3,2063,12,3,14,0,29,76,17,111,0,204,22,9,23,0,54,66,8,83,1,158,46,61,131,0,238,16,14,18,0,48,52,12,62,0,126,14,17,46,0,77,56,54,107,1,218,989,348,1750,1,3088,9,8,24,0,41,28,6,38,0,72,9,2,7,0,18,3,7,15,0,25,48,6,80,0,134,84,155,222,0,461,7,7,15,0,29,7157
13,085,Dawson,6,6,18,0,30,16,8,14,0,38,1149,1115,5080,0,7344,7,5,8,0,20,51,23,117,0,191,13,7,13,0,33,53,18,92,0,163,30,87,143,0,260,11,32,37,0,80,42,12,114,0,168,11,23,44,0,78,43,67,155,0,265,943,820,3496,0,5259,17,6,27,0,50,38,14,73,0,125,7,5,19,0,31,3,12,12,0,27,39,18,96,0,153,121,716,669,0,1506,1,9,17,0,27,15848
13,087,Decatur,19,14,23,0,56,10,22,31,0,63,630,365,1994,2,2991,6,5,13,1,25,60,25,120,1,206,18,9,20,0,47,28,19,79,0,126,270,313,843,3,1429,53,87,155,2,297,34,15,67,0,116,75,97,184,1,357,56,109,225,1,391,611,380,1986,3,2980,34,15,75,0,124,18,10,26,0,54,8,4,11,0,23,14,25,40,0,79,40,9,94,0,143,232,693,813,0,1738,12,17,45,0,74,11319
13,089,DeKalb,213,380,393,0,986,234,467,452,1,1154,3659,6248,10266,15,20188,229,508,536,4,1277,331,388,632,2,1353,215,164,398,2,779,395,406,817,3,1621,5661,7951,19047,49,32708,1837,2141,5430,13,9421,253,204,513,1,971,1782,2379,6086,13,10260,1818,3038,7255,10,12121,6719,9841,17785,16,34361,950,526,2960,1,4437,559,566,953,0,2078,221,304,553,3,1081,194,648,749,2,1593,229,189,490,2,910,20601,88584,116532,155,225872,467,724,1422,2,2615,365786
13,091,Dodge,14,7,12,0,33,5,4,8,0,17,911,276,1280,0,2467,9,4,7,0,20,44,7,52,0,103,11,1,8,0,20,27,11,36,0,74,80,62,177,0,319,24,12,29,0,65,36,3,41,0,80,20,17,51,0,88,30,17,28,0,75,1195,412,1286,0,2893,18,5,20,0,43,16,4,11,0,31,2,2,4,0,8,4,6,5,0,15,45,3,37,0,85,362,398,660,0,1420,11,3,15,0,29,7885
13,093,Dooly,4,0,5,0,9,3,3,5,0,11,188,112,665,3,968,0,1,2,0,3,9,1,19,0,29,2,1,2,0,5,7,8,12,0,27,95,53,176,1,325,22,9,48,0,79,12,1,19,0,32,24,24,27,0,75,22,20,35,0,77,230,142,669,0,1041,8,5,15,0,28,3,1,13,0,17,3,0,1,0,4,1,6,7,0,14,11,2,12,0,25,271,324,593,0,1188,15,4,29,0,48,4005
13,095,Dougherty,27,46,27,0,100,27,51,14,2,94,1559,913,1641,11,4124,33,15,24,1,73,97,29,58,2,186,44,15,25,0,84,104,34,57,1,196,1162,672,1166,13,3013,299,202,320,5,826,82,12,35,0,129,411,351,416,5,1183,342,228,281,2,853,2224,1395,1989,9,5617,164,32,146,1,343,62,11,35,1,109,27,14,16,0,57,44,55,61,1,161,72,22,38,1,133,4698,5988,6465,48,17199,122,107,126,1,356,34836
13,097,Douglas,55,62,85,0,202,58,67,74,0,199,1548,1840,5707,0,9095,37,62,76,0,175,148,90,284,0,522,53,29,74,0,156,122,82,237,0,441,1116,1507,3147,0,5770,431,518,1180,0,2129,99,40,159,0,298,396,473,1060,0,1929,366,421,828,0,1615,2386,3288,8272,0,13946,189,103,411,0,703,144,63,164,0,371,61,47,85,0,193,47,74,102,0,223,102,47,173,0,322,3224,10384,15740,0,29348,87,133,241,0,461,68098
13,099,Early,9,7,17,0,33,9,2,11,0,22,362,214,737,0,1313,10,3,6,0,19,22,6,22,0,50,12,3,22,0,37,19,2,30,0,51,189,130,284,0,603,32,30,64,0,126,21,4,21,0,46,35,32,68,0,135,36,52,67,0,155,324,171,637,0,1132,30,9,44,0,83,9,3,11,0,23,13,4,5,0,22,3,6,10,0,19,18,8,28,0,54,228,360,417,0,1005,9,8,21,0,38,4966
13,101,Echols,1,6,6,0,13,3,0,8,0,11,87,50,371,0,508,1,0,3,0,4,10,8,31,0,49,0,0,2,0,2,3,2,13,0,18,7,10,26,0,43,6,0,4,0,10,3,3,27,0,33,8,2,11,0,21,3,4,18,0,25,94,52,412,0,558,3,1,5,0,9,1,0,3,0,4,1,1,3,0,5,2,2,2,0,6,5,0,19,0,24,3,6,27,0,36,1,1,0,0,2,1381
13,103,Effingham,50,27,46,0,123,66,32,46,0,144,2267,874,4872,5,8018,30,17,24,0,71,241,55,335,3,634,38,11,28,1,78,173,49,207,0,429,250,277,501,3,1031,77,57,128,0,262,161,34,241,1,437,101,91,183,1,376,157,144,264,1,566,4010,1492,7235,5,12742,41,34,82,1,158,156,43,125,0,324,31,13,28,0,72,10,20,22,0,52,165,28,245,1,439,1093,1534,2311,5,4943,18,16,40,0,74,30973
13,105,Elbert,6,8,8,0,22,7,11,8,0,26,1169,743,2311,0,4223,5,9,5,0,19,50,14,72,0,136,13,0,9,0,22,35,17,41,0,93,121,212,252,0,585,54,73,96,0,223,42,10,66,0,118,45,44,93,0,182,54,100,125,0,279,471,224,831,0,1526,14,16,48,0,78,17,1,15,0,33,3,4,11,0,18,4,19,7,0,30,23,4,47,0,74,189,489,559,0,1237,10,24,23,0,57,8981
13,107,Emanuel,10,2,8,0,20,31,10,30,0,71,1063,386,1327,0,2776,4,2,7,0,13,68,18,85,0,171,4,1,7,0,12,34,9,48,1,92,173,112,218,0,503,48,42,53,0,143,53,1,42,0,96,44,18,55,0,117,49,32,67,0,148,1152,468,1441,0,3061,20,6,21,0,47,12,3,12,0,27,7,0,3,1,11,16,36,18,0,70,41,3,44,0,88,462,487,743,0,1692,9,9,15,0,33,9191
13,109,Evans,0,1,8,0,9,5,0,16,0,21,167,186,746,0,1099,1,3,6,0,10,14,12,44,0,70,4,1,5,0,10,18,5,29,0,52,41,30,113,0,184,12,17,28,0,57,15,4,34,0,53,12,7,38,0,57,15,14,48,0,77,223,287,993,0,1503,20,5,16,0,41,4,4,8,0,16,2,0,3,0,5,3,7,9,0,19,16,3,32,0,51,121,231,439,0,791,4,2,16,0,22,4147
13,111,Fannin,8,9,10,0,27,16,17,16,0,49,2530,1435,3563,0,7528,10,7,8,0,25,83,22,85,0,190,16,6,10,0,32,52,11,46,0,109,51,102,110,0,263,6,10,16,0,32,56,7,58,0,121,12,15,24,0,51,42,122,106,0,270,1280,758,1831,0,3869,11,13,18,0,42,21,16,29,0,66,10,6,7,0,23,2,10,11,0,23,43,16,35,0,94,248,753,693,0,1694,5,11,23,0,39,14547
13,113,Fayette,56,52,111,0,219,43,66,110,0,219,2040,2849,8496,0,13385,62,79,80,0,221,99,143,323,0,565,34,32,75,0,141,156,117,316,0,589,454,1015,2000,0,3469,165,211,568,0,944,89,60,229,0,378,162,246,590,0,998,295,475,1097,0,1867,3665,4349,12832,0,20846,119,70,363,0,552,160,92,290,0,542,33,48,109,0,190,22,84,89,0,195,94,69,238,0,401,2073,8215,11805,0,22093,49,99,162,0,310,68124
13,115,Floyd,47,26,46,0,119,47,45,51,0,143,2814,1895,5438,35,10182,45,41,41,0,127,158,75,235,3,471,54,18,53,0,125,164,44,249,0,457,309,313,570,1,1193,93,100,165,1,359,132,34,174,0,340,128,93,211,1,433,232,205,425,1,863,4040,2337,7920,68,14365,48,27,96,1,172,130,46,141,0,317,24,20,38,0,82,20,19,24,0,63,165,37,271,0,473,1388,2881,3128,14,7411,34,42,53,0,129,37824
13,117,Forsyth,71,101,188,0,360,92,143,270,0,505,3507,6491,25054,0,35052,87,161,240,0,488,324,269,1107,0,1700,90,93,243,0,426,263,286,984,0,1533,616,1889,3744,0,6249,143,322,640,0,1105,203,143,718,0,1064,218,420,972,0,1610,421,1206,2706,0,4333,4840,7773,31749,0,44362,108,118,536,0,762,303,215,794,0,1312,56,78,168,0,302,23,172,176,0,371,195,129,654,0,978,1545,9738,12604,0,23887,52,230,254,0,536,126935
13,119,Franklin,8,11,11,0,30,11,7,14,0,32,1434,1036,3688,0,6158,3,7,11,0,21,65,26,97,0,188,9,7,17,0,33,34,9,79,0,122,67,124,112,0,303,31,28,34,0,93,51,11,84,0,146,21,26,42,0,89,49,80,90,1,220,612,332,1313,1,2258,17,9,16,0,42,28,4,31,0,63,7,5,5,0,17,9,10,12,0,31,41,5,54,0,100,111,241,261,0,613,7,7,13,0,27,10586
13,121,Fulton,288,490,685,15,1478,346,638,901,20,1905,5799,11782,30388,309,48278,341,629,930,39,1939,513,552,1465,46,2576,294,253,712,19,1278,662,628,1964,55,3309,6224,8624,25583,528,40959,2184,2501,8082,181,12948,397,292,1126,32,1847,2132,2662,8809,178,13781,2318,4559,13010,102,19989,10825,18920,53161,351,83257,1175,728,4746,46,6695,720,787,1856,35,3398,343,393,968,27,1731,250,907,1196,23,2376,412,328,1125,27,1892,21404,87088,152207,1293,261992,521,897,1935,43,3396,515024
13,123,Gilmer,11,13,10,0,34,17,16,14,0,47,2368,1201,4118,0,7687,12,17,11,0,40,76,17,98,0,191,8,8,8,0,24,42,22,62,0,126,63,117,138,0,318,12,21,16,0,49,69,17,77,0,163,23,23,37,0,83,51,102,115,0,268,1644,867,2384,0,4895,9,12,32,0,53,47,17,40,0,104,9,5,6,0,20,5,12,3,0,20,40,8,45,0,93,256,836,788,0,1880,7,13,16,0,36,16131
13,125,Glascock,0,0,0,0,0,1,0,2,0,3,123,49,264,0,436,2,0,0,0,2,10,1,11,0,22,0,0,2,0,2,6,3,11,0,20,5,8,12,0,25,3,0,7,0,10,10,2,10,0,22,3,2,0,0,5,6,8,3,0,17,230,136,453,0,819,1,0,0,0,1,2,2,3,0,7,1,0,0,0,1,0,6,7,0,13,4,1,5,0,10,19,29,36,0,84,1,0,0,0,1,1500
13,127,Glynn,51,62,82,0,195,54,96,112,1,263,1677,1815,6792,9,10293,36,45,60,0,141,177,126,435,2,740,53,23,80,0,156,161,108,364,1,634,518,905,1740,8,3171,151,191,399,2,743,242,120,619,1,982,168,252,525,4,949,184,422,824,0,1430,2092,2150,7556,12,11810,121,105,298,0,524,86,43,156,0,285,33,35,62,0,130,25,103,79,0,207,145,76,411,3,635,779,3054,3431,8,7272,30,84,92,1,207,40767
13,129,Gordon,24,13,39,0,76,37,26,46,0,109,2576,1012,3995,3,7586,19,18,32,0,69,223,40,250,2,515,43,13,45,0,101,150,43,167,1,361,171,162,313,0,646,42,41,57,0,140,152,22,144,0,318,72,43,81,1,197,125,103,219,0,447,3371,1380,4784,4,9539,34,7,52,0,93,81,18,68,0,167,8,11,14,0,33,15,16,15,0,46,137,28,174,1,340,585,928,1106,0,2619,17,23,27,1,68,23470
13,131,Grady,11,14,22,0,47,14,7,20,0,41,951,558,1964,0,3473,4,6,12,0,22,70,35,120,0,225,9,7,19,0,35,46,23,76,0,145,162,210,516,0,888,38,59,144,0,241,32,16,81,0,129,76,67,173,0,316,66,79,149,0,294,795,446,1476,0,2717,26,21,56,0,103,23,4,17,0,44,5,5,6,0,16,3,11,25,0,39,39,12,94,0,145,214,515,670,0,1399,14,25,31,0,70,10389
13,133,Greene,3,5,4,0,12,3,8,7,0,18,366,607,2634,1,3608,5,6,4,0,15,17,16,41,0,74,3,5,8,0,16,7,7,35,0,49,210,199,460,3,872,11,22,34,0,67,12,6,18,0,36,12,32,36,0,80,28,68,77,0,173,410,683,2254,2,3349,3,8,23,0,34,13,7,20,0,40,8,1,7,0,16,2,5,7,0,14,10,8,22,0,40,305,1043,1221,3,2572,5,11,22,0,38,11123
13,135,Gwinnett,444,324,642,0,1410,485,435,632,0,1552,11037,14473,32296,0,57806,431,480,622,0,1533,1419,828,2711,0,4958,393,303,538,0,1234,1250,888,2225,0,4363,6821,9940,19045,0,35806,2088,2474,5277,0,9839,1091,644,1904,0,3639,3383,3504,9166,0,16053,3173,3703,9144,0,16020,17944,21889,48733,0,88566,1254,522,2980,0,4756,1115,638,1439,0,3192,348,308,533,0,1189,302,661,778,0,1741,786,381,1318,0,2485,17435,51923,73490,0,142848,714,822,1661,0,3197,402187
13,137,Habersham,10,8,20,0,38,11,14,36,0,61,1433,1846,7029,0,10308,11,13,15,0,39,65,37,134,0,236,16,6,26,0,48,53,22,108,0,183,90,135,216,0,441,31,30,59,0,120,36,21,91,0,148,34,27,86,0,147,51,109,166,0,326,903,964,3503,0,5370,12,12,43,0,67,53,26,91,0,170,8,8,16,0,32,9,11,11,0,31,38,19,84,0,141,247,852,1034,0,2133,22,20,19,0,61,20100
13,139,Hall,77,65,101,0,243,85,80,123,0,288,6111,7778,25551,0,39440,65,62,115,0,242,226,141,473,0,840,65,36,109,0,210,192,128,461,0,781,820,932,1917,0,3669,186,198,434,0,818,169,48,336,0,553,246,209,611,0,1066,376,451,999,0,1826,3967,4183,13807,0,21957,146,64,342,0,552,250,123,396,0,769,59,45,107,0,211,40,80,75,0,195,148,60,359,0,567,1790,6425,6664,0,14879,78,95,134,0,307,89413
13,141,Hancock,5,7,4,0,16,4,4,4,0,12,100,92,284,0,476,3,2,3,0,8,7,3,8,0,18,4,2,2,0,8,9,4,10,0,23,97,98,135,0,330,21,45,37,0,103,9,0,6,0,15,36,42,39,0,117,25,31,33,0,89,138,144,326,0,608,10,12,22,0,44,4,2,1,0,7,1,1,2,0,4,3,16,11,0,30,7,1,6,0,14,400,910,816,3,2129,13,15,10,0,38,4089
13,143,Haralson,24,7,11,0,42,23,6,14,0,43,1497,649,2341,1,4488,18,10,10,0,38,89,28,101,0,218,26,6,18,0,50,65,20,70,0,155,45,74,82,0,201,13,12,26,0,51,112,23,164,0,299,20,30,35,0,85,46,53,68,0,167,2235,1044,3252,2,6533,14,13,7,0,34,40,14,45,0,99,7,3,4,0,14,0,6,6,0,12,96,9,106,0,211,266,419,514,1,1200,10,12,7,0,29,13969
13,145,Harris,15,10,17,0,42,19,11,19,0,49,2354,971,3104,9,6438,9,16,11,0,36,100,29,103,0,232,18,5,6,0,29,73,23,82,1,179,176,178,246,1,601,31,50,59,1,141,59,17,65,0,141,52,66,78,0,196,78,100,113,0,291,2822,1102,3164,2,7090,20,15,25,1,61,65,27,37,0,129,11,14,11,0,36,5,31,12,0,48,69,27,60,0,156,880,1434,1460,2,3776,20,22,25,0,67,19738
13,147,Hart,11,9,11,0,31,17,19,10,0,46,1496,1095,4074,0,6665,10,8,16,0,34,50,21,114,0,185,8,5,13,0,26,48,23,82,1,154,130,194,274,0,598,39,56,104,0,199,53,11,99,0,163,45,35,93,1,174,54,133,153,0,340,584,304,1191,1,2080,27,14,47,1,89,24,5,32,0,61,8,2,10,0,20,6,17,20,0,43,31,7,69,0,107,211,464,627,0,1302,8,19,10,0,37,12354
13,149,Heard,7,0,8,0,15,8,3,3,0,14,486,225,804,0,1515,2,3,3,0,8,31,9,45,1,86,7,3,4,0,14,16,7,28,0,51,28,29,36,1,94,4,2,8,0,14,34,6,35,0,75,7,12,7,0,26,14,15,25,0,54,942,410,1190,0,2542,6,2,9,0,17,13,1,19,0,33,6,3,1,0,10,2,3,3,0,8,31,6,23,0,60,140,202,250,0,592,7,5,7,0,19,5247
13,151,Henry,85,85,137,0,307,90,110,172,1,373,2419,2868,11540,9,16836,65,100,127,0,292,251,152,582,1,986,77,50,160,1,288,187,113,514,1,815,1724,2195,6634,18,10571,537,826,1921,6,3290,171,69,396,1,637,529,759,1996,7,3291,488,615,1959,1,3063,4390,4811,17614,9,26824,299,165,998,0,1462,197,108,382,0,687,98,98,243,1,440,59,188,167,2,416,193,84,408,0,685,4487,15177,29707,36,49407,135,161,501,3,800,121470
13,153,Houston,62,80,57,1,200,62,68,77,1,208,3926,3236,8855,20,16037,59,73,57,1,190,283,125,418,2,828,64,42,60,1,167,255,108,294,1,658,1042,1327,1707,11,4087,352,503,576,5,1436,191,59,247,2,499,318,400,483,2,1203,402,485,614,1,1502,6371,4655,11285,16,22327,151,97,227,0,475,229,108,213,2,552,54,56,54,0,164,44,154,70,1,269,251,82,313,0,646,3952,8112,9857,24,21945,99,140,186,0,425,73818
13,155,Irwin,3,2,9,0,14,0,1,5,0,6,260,152,1022,1,1435,3,0,3,0,6,16,4,30,1,51,4,1,8,0,13,11,3,19,0,33,37,46,66,0,149,16,3,24,0,43,16,2,33,0,51,16,17,46,0,79,14,5,23,0,42,320,214,925,0,1459,5,3,5,0,13,2,1,11,1,15,0,3,2,0,5,0,1,5,0,6,10,3,35,0,48,135,152,318,1,606,6,2,11,0,19,4093
13,157,Jackson,25,21,35,0,81,24,19,55,0,98,2166,2391,10354,3,14914,25,33,47,0,105,102,70,286,0,458,18,16,42,0,76,102,50,233,1,386,177,343,557,0,1077,57,72,130,0,259,92,27,198,0,317,62,103,146,0,311,112,164,322,0,598,2204,1845,8543,1,12593,29,27,105,0,161,105,49,163,0,317,14,13,31,0,58,7,32,19,0,58,102,39,271,0,412,594,1826,2361,2,4783,16,36,42,0,94,37156
13,159,Jasper,4,6,5,0,15,4,10,13,0,27,526,287,1324,5,2142,6,3,7,0,16,42,13,52,1,108,6,0,6,0,12,23,6,33,0,62,55,62,103,0,220,10,22,28,0,60,18,4,42,1,65,17,30,32,0,79,12,23,56,0,91,857,497,1888,4,3246,8,4,16,0,28,16,4,17,0,37,5,2,4,0,11,1,4,1,0,6,26,3,44,0,73,200,492,523,3,1218,1,9,11,0,21,7537
13,161,Jeff Davis,4,4,8,0,16,13,5,15,0,33,476,201,1097,0,1774,4,1,3,0,8,35,9,51,0,95,6,1,7,0,14,23,2,25,0,50,43,42,107,0,192,19,17,32,0,68,44,10,45,0,99,12,7,30,0,49,17,10,28,0,55,493,244,982,0,1719,9,1,9,0,19,9,5,12,0,26,4,1,6,0,11,3,2,4,0,9,262,44,463,0,769,141,179,270,0,590,3,0,4,0,7,5603
13,163,Jefferson,2,7,5,0,14,7,13,8,0,28,376,171,880,2,1429,8,1,8,0,17,26,6,27,0,59,4,2,6,0,12,21,5,20,0,46,232,125,262,1,620,53,56,75,0,184,22,3,17,0,42,71,44,89,1,205,47,27,71,0,145,607,256,983,1,1847,14,8,28,1,51,11,1,12,0,24,2,1,2,0,5,26,107,42,0,175,17,0,23,0,40,574,816,1091,6,2487,9,8,15,0,32,7462
13,165,Jenkins,3,2,5,0,10,4,2,8,0,14,213,142,491,3,849,2,3,4,0,9,18,4,19,0,41,1,1,4,0,6,9,6,16,0,31,55,48,69,0,172,23,17,36,1,77,11,4,19,0,34,10,12,23,0,45,18,11,26,0,55,283,179,642,0,1104,3,2,6,0,11,5,0,3,0,8,1,1,2,0,4,2,20,8,0,30,17,2,14,0,33,174,273,359,0,806,10,7,10,0,27,3366
13,167,Johnson,3,7,2,0,12,3,5,3,0,11,316,126,801,0,1243,0,0,4,0,4,14,2,28,0,44,2,0,4,0,6,15,6,13,0,34,44,54,99,0,197,8,9,26,0,43,22,2,16,0,40,19,20,33,0,72,6,4,15,0,25,351,189,836,0,1376,3,7,8,0,18,5,3,6,0,14,1,1,2,0,4,2,2,6,0,10,15,0,20,0,35,132,249,382,0,763,3,3,4,0,10,3961
13,169,Jones,11,8,18,0,37,16,13,17,0,46,1039,488,2279,3,3809,9,3,11,0,23,76,23,89,0,188,13,4,22,0,39,43,10,57,0,110,118,150,276,1,545,44,50,90,0,184,45,9,72,0,126,31,44,68,0,143,46,60,129,0,235,1650,774,2971,2,5397,21,13,37,0,71,32,7,29,0,68,5,0,6,0,11,3,20,11,0,34,51,3,78,0,132,576,1231,1688,1,3496,13,20,27,0,60,14754
13,171,Lamar,5,2,10,0,17,8,6,11,0,25,648,325,1609,0,2582,5,7,12,0,24,35,9,68,0,112,6,1,5,0,12,28,8,49,0,85,64,69,123,0,256,22,18,38,0,78,40,3,43,0,86,22,14,38,0,74,33,16,64,0,113,888,452,1899,0,3239,6,3,21,0,30,23,7,21,0,51,12,0,6,0,18,3,8,3,0,14,35,7,40,0,82,339,767,886,0,1992,11,11,21,0,43,8933
13,173,Lanier,6,3,8,0,17,10,4,8,0,22,151,88,705,0,944,4,1,4,0,9,19,10,63,0,92,5,2,7,0,14,20,6,26,0,52,57,59,128,0,244,16,10,18,0,44,13,5,33,0,51,31,22,54,0,107,24,21,56,0,101,218,140,833,0,1191,3,6,12,0,21,10,3,16,0,29,6,2,2,0,10,4,4,10,0,18,20,6,53,0,79,39,130,196,0,365,1,10,7,0,18,3428
13,175,Laurens,23,15,19,0,57,22,21,16,0,59,2488,1123,3148,0,6759,10,13,13,0,36,104,29,99,0,232,28,4,10,0,42,92,25,97,0,214,363,348,614,0,1325,99,81,148,0,328,75,12,73,0,160,95,69,141,0,305,79,80,145,0,304,2615,1107,2864,0,6586,54,21,55,0,130,29,10,37,0,76,4,9,10,0,23,15,24,27,0,66,75,16,81,0,172,1175,1915,2236,0,5326,20,33,34,0,87,22287
13,177,Lee,11,7,27,0,45,15,5,27,0,47,1139,484,3051,1,4675,6,8,9,0,23,77,25,146,0,248,27,3,16,1,47,44,14,91,0,149,140,125,320,1,586,37,36,98,0,171,42,11,75,0,128,44,41,111,0,196,63,69,167,0,299,1564,663,4135,3,6365,22,9,49,0,80,44,13,44,0,101,12,5,13,0,30,7,16,22,0,45,73,14,106,0,193,550,838,1582,0,2970,10,23,27,0,60,16458
13,179,Liberty,27,29,34,0,90,24,35,29,0,88,536,473,1928,0,2937,19,26,33,0,78,71,47,141,0,259,37,21,36,0,94,83,41,122,0,246,340,693,1260,0,2293,123,243,399,0,765,68,32,92,0,192,116,216,378,0,710,105,183,382,0,670,761,646,2348,0,3755,64,51,192,0,307,45,40,78,0,163,30,17,36,0,83,15,52,47,0,114,61,25,124,0,210,855,2539,4319,0,7713,21,42,83,0,146,20913
13,181,Lincoln,2,2,7,0,11,3,4,1,0,8,313,185,747,0,1245,3,4,1,0,8,14,5,21,0,40,4,2,4,0,10,11,3,18,0,32,39,80,79,0,198,17,39,28,0,84,18,2,19,0,39,17,12,20,0,49,23,31,31,0,85,508,225,986,0,1719,8,3,13,0,24,7,11,13,0,31,3,3,2,0,8,6,79,28,0,113,14,1,14,0,29,143,350,311,0,804,3,4,10,0,17,4554
13,183,Long,8,4,13,0,25,18,6,13,0,37,370,97,781,2,1250,6,5,4,0,15,35,7,65,0,107,8,0,14,0,22,36,7,45,1,89,80,56,185,0,321,30,23,65,1,119,42,8,44,1,95,32,23,79,0,134,21,15,75,0,111,518,159,1026,5,1708,10,6,24,0,40,19,2,26,0,47,11,5,9,0,25,7,1,7,0,15,38,5,55,1,99,201,341,686,5,1233,6,7,15,0,28,5520
13,185,Lowndes,41,51,64,7,163,53,83,78,7,221,1906,1442,6657,80,10085,34,53,61,4,152,214,125,439,12,790,51,26,92,1,170,144,95,335,8,582,807,1155,2855,82,4899,242,328,913,31,1514,131,45,271,4,451,241,313,884,30,1468,274,344,893,13,1524,2519,1621,8428,39,12607,143,100,426,10,679,115,45,168,6,334,44,24,46,0,114,59,121,229,4,413,207,80,480,8,775,871,2901,4097,62,7931,45,93,130,5,273,45145
13,187,Lumpkin,7,7,16,0,30,12,12,32,0,56,1048,1178,4847,0,7073,11,15,41,0,67,52,38,110,0,200,14,10,20,0,44,29,23,76,0,128,48,111,156,0,315,11,15,31,0,57,32,8,95,0,135,12,11,42,0,65,47,103,153,0,303,769,791,2806,0,4366,13,12,32,0,57,52,18,111,0,181,9,5,10,0,24,1,12,5,0,18,31,13,71,0,115,157,853,1031,0,2041,5,21,18,0,44,15319
13,193,Macon,4,3,7,0,14,4,3,7,0,14,139,61,610,0,810,3,1,2,0,6,6,3,25,0,34,1,0,3,0,4,14,1,11,0,26,134,70,192,0,396,27,22,46,0,95,7,3,19,0,29,30,16,37,0,83,33,24,61,0,118,159,76,588,0,823,8,3,14,0,25,5,1,6,0,12,3,1,1,0,5,5,6,9,0,20,6,2,13,0,21,428,507,1052,0,1987,14,3,14,0,31,4553
13,195,Madison,16,13,13,0,42,17,12,11,0,40,1600,910,3163,1,5674,14,11,8,0,33,60,18,83,0,161,16,6,19,0,41,49,16,47,0,112,120,110,195,0,425,29,23,44,0,96,42,17,58,0,117,34,35,41,0,110,62,65,121,0,248,1413,750,2549,2,4714,17,18,24,0,59,43,10,38,0,91,14,8,9,0,31,7,9,8,0,24,36,11,65,0,112,410,841,1008,1,2260,13,20,23,0,56,14446
13,197,Marion,5,4,7,0,16,7,4,4,0,15,310,130,546,0,986,1,1,3,0,5,20,5,21,0,46,3,0,5,0,8,10,6,15,0,31,43,49,103,0,195,9,11,24,0,44,16,4,15,0,35,7,11,23,0,41,18,16,35,0,69,333,154,591,0,1078,7,6,19,0,32,4,6,8,0,18,1,0,5,0,6,3,12,8,0,23,25,2,10,0,37,149,327,373,0,849,3,8,5,0,16,3550
13,189,McDuffie,7,7,9,0,23,9,16,12,0,37,284,326,1650,0,2260,6,7,15,0,28,28,14,74,0,116,9,2,11,0,22,26,8,49,0,83,143,171,355,0,669,38,67,120,0,225,19,2,61,0,82,44,52,99,0,195,45,28,92,0,165,425,545,2533,0,3503,16,11,41,0,68,15,3,36,0,54,3,2,11,0,16,18,119,95,0,232,14,10,58,0,82,280,974,1133,0,2387,8,19,33,0,60,10307
13,191,McIntosh,8,8,8,0,24,12,11,11,0,34,274,248,972,0,1494,4,2,5,0,11,21,12,41,0,74,4,5,9,0,18,19,8,26,1,54,98,114,251,0,463,28,24,57,0,109,18,15,60,0,93,21,27,48,0,96,34,50,85,0,169,426,500,1191,0,2117,18,9,24,0,51,8,4,12,0,24,7,3,6,0,16,2,6,10,0,18,17,11,24,0,52,213,552,780,0,1545,8,16,8,0,32,6494
13,199,Meriwether,13,3,10,0,26,9,16,19,0,44,822,408,1434,0,2664,6,2,4,0,12,56,16,61,0,133,9,5,11,0,25,37,10,45,0,92,187,125,244,0,556,50,42,69,0,161,32,7,51,0,90,78,42,88,0,208,51,29,51,0,131,1149,518,1587,1,3255,18,12,24,0,54,15,4,15,0,34,9,5,5,0,19,6,7,10,0,23,36,9,37,1,83,775,1158,1080,5,3018,25,16,25,0,66,10694
13,201,Miller,4,4,12,0,20,4,6,9,0,19,195,133,553,2,883,1,0,5,0,6,17,4,40,0,61,2,0,5,0,7,16,3,18,0,37,44,42,93,0,179,9,12,19,0,40,12,10,19,0,41,8,16,17,0,41,15,18,31,0,64,240,102,538,1,881,7,0,9,0,16,4,3,5,0,12,1,0,3,0,4,1,7,3,0,11,14,3,20,0,37,69,83,119,0,271,3,5,5,0,13,2643
13,205,Mitchell,7,8,10,0,25,3,8,8,1,20,793,303,1441,1,2538,1,4,9,0,14,42,7,38,0,87,9,4,6,0,19,22,7,22,0,51,144,182,277,0,603,32,42,67,0,141,12,5,31,0,48,39,59,81,0,179,40,47,77,0,164,615,363,1111,1,2090,22,11,21,0,54,9,3,8,0,20,4,0,5,0,9,4,7,5,0,16,22,6,34,0,62,522,1008,1064,4,2598,18,32,22,0,72,8810
13,207,Monroe,7,8,18,0,33,13,12,20,0,45,1076,437,2686,2,4201,10,8,12,0,30,60,12,93,0,165,10,6,16,0,32,36,10,59,0,105,92,93,238,0,423,32,27,88,0,147,38,16,107,0,161,27,21,78,0,126,38,41,148,0,227,1727,599,3747,4,6077,17,7,41,0,65,34,12,48,0,94,5,8,12,0,25,5,8,12,0,25,41,6,67,0,114,492,1070,1633,2,3197,13,12,28,0,53,15345
13,209,Montgomery,6,1,9,0,16,7,2,4,0,13,458,149,659,0,1266,3,3,3,0,9,21,7,32,0,60,4,0,3,0,7,17,4,13,0,34,61,35,81,0,177,13,7,25,0,45,22,1,23,0,46,15,10,19,0,44,14,11,26,0,51,487,177,667,0,1331,6,3,8,0,17,7,0,7,0,14,2,1,0,0,3,0,2,3,0,5,48,6,52,0,106,141,201,237,0,579,3,3,5,0,11,3834
13,211,Morgan,7,3,8,0,18,5,6,19,0,30,722,396,2380,2,3500,6,5,7,0,18,36,5,55,0,96,11,3,8,0,22,26,9,40,0,75,78,75,218,0,371,20,18,41,0,79,33,2,31,0,66,23,27,56,1,107,38,30,98,0,166,1008,530,2821,1,4360,7,7,29,0,43,21,11,25,0,57,5,4,12,0,21,1,6,11,0,18,20,2,56,0,78,302,834,1255,1,2392,11,3,32,0,46,11563
13,213,Murray,26,8,25,0,59,34,11,41,0,86,1337,487,2969,0,4793,16,11,22,0,49,140,37,230,0,407,34,4,38,0,76,86,26,151,0,263,141,128,269,0,538,28,23,56,0,107,98,17,138,0,253,32,29,64,0,125,90,82,182,0,354,1884,752,3664,0,6300,29,7,36,0,72,24,13,75,0,112,11,3,6,0,20,9,21,12,0,42,83,21,153,0,257,137,288,340,0,765,12,22,19,0,53,14731
13,215,Muscogee,61,97,97,0,255,75,127,107,0,309,2500,2819,7205,7,12531,50,95,78,0,223,182,112,300,2,596,63,44,97,1,205,148,82,306,2,538,1262,1813,3472,6,6553,397,535,1056,1,1989,126,54,211,0,391,375,539,1122,4,2040,430,697,1301,0,2428,3101,3489,8699,6,15295,208,153,539,0,900,173,93,219,0,485,61,53,119,0,233,106,273,298,0,677,150,58,212,0,420,3615,12278,16606,18,32517,138,166,325,1,630,79215
13,217,Newton,56,45,35,0,136,82,59,36,0,177,3502,1688,3026,5,8221,52,50,23,0,125,203,71,164,4,442,50,18,34,1,103,182,63,119,0,364,1217,1050,1841,6,4114,402,419,527,0,1348,196,40,108,1,345,428,405,594,1,1428,342,254,479,1,1076,6188,2873,4379,2,13442,188,69,243,1,501,168,56,85,1,310,49,30,53,0,132,37,82,60,0,179,168,32,121,0,321,4089,7775,8568,11,20443,117,87,148,0,352,53559
13,219,Oconee,10,10,20,0,40,20,17,25,0,62,939,1032,4193,1,6165,12,14,40,0,66,49,37,147,0,233,10,9,37,0,56,39,29,133,1,202,83,237,477,0,797,21,36,92,0,149,34,22,103,0,159,34,77,135,0,246,71,163,369,0,603,1551,1711,6651,1,9914,12,13,64,0,89,81,40,137,0,258,10,18,22,0,50,3,37,30,0,70,50,29,95,0,174,435,2115,2896,2,5448,8,53,67,0,128,24909
13,221,Oglethorpe,7,1,8,0,16,4,14,9,0,27,367,362,1447,0,2176,5,3,8,0,16,29,12,68,0,109,5,6,9,0,20,23,13,39,0,75,54,83,142,0,279,20,19,22,0,61,20,9,39,0,68,22,29,43,0,94,23,31,77,0,131,540,539,1821,0,2900,3,6,22,0,31,15,14,44,0,73,3,8,9,0,20,2,12,6,0,20,29,10,64,0,103,289,620,810,0,1719,5,8,15,0,28,7966
13,223,Paulding,51,64,106,0,221,75,81,148,0,304,2926,3407,12088,0,18421,61,83,108,0,252,322,190,701,0,1213,63,53,131,0,247,259,126,633,0,1018,681,1145,2398,0,4224,230,374,731,0,1335,214,62,484,0,760,249,370,801,0,1420,333,453,958,0,1744,5225,5560,19788,0,30573,149,88,366,0,603,241,126,391,0,758,50,57,97,0,204,25,77,79,0,181,236,91,603,0,930,2061,7404,9639,0,19104,54,112,209,0,375,83887
13,225,Peach,12,7,18,0,37,8,10,20,1,39,291,373,1958,7,2629,6,5,12,0,23,26,10,95,0,131,7,4,12,1,24,18,10,58,0,86,147,161,470,1,779,42,66,135,0,243,19,5,53,0,77,38,58,148,0,244,39,44,152,0,235,523,419,2415,1,3358,17,5,65,0,87,18,10,49,1,78,8,3,13,0,24,5,23,30,0,58,17,5,60,1,83,502,1275,2252,3,4032,20,14,51,0,85,12352
13,227,Pickens,24,4,6,0,34,17,13,9,0,39,2816,947,3417,5,7185,20,8,12,0,40,103,17,100,0,220,16,7,23,0,46,75,13,59,0,147,68,67,84,0,219,11,16,21,0,48,69,7,61,0,137,22,15,33,0,70,57,54,79,0,190,2655,830,2515,3,6003,16,12,19,0,47,76,10,41,0,127,22,2,4,0,28,5,5,7,0,17,73,2,57,0,132,456,860,760,0,2076,6,11,14,0,31,16836
13,229,Pierce,10,6,16,0,32,5,7,16,0,28,623,475,2936,0,4034,3,3,7,0,13,42,14,137,0,193,12,4,20,0,36,24,8,90,0,122,23,51,121,0,195,7,19,42,0,68,39,18,90,0,147,15,16,37,0,68,8,32,81,0,121,366,378,2077,0,2821,6,7,24,0,37,15,10,25,0,50,3,2,5,0,10,4,3,3,0,10,49,21,238,0,308,45,171,262,0,478,5,4,5,0,14,8785
13,231,Pike,8,6,9,0,23,9,2,13,0,24,849,340,2342,0,3531,6,7,8,0,21,57,12,83,0,152,8,3,6,0,17,20,4,52,0,76,45,31,64,0,140,10,11,18,0,39,48,3,86,0,137,5,9,25,0,39,21,22,43,0,86,1255,559,3151,0,4965,8,4,14,0,26,23,5,24,0,52,4,3,7,0,14,5,4,5,0,14,27,3,56,0,86,200,413,504,0,1117,3,3,8,0,14,10573
13,233,Polk,16,12,25,0,53,16,10,31,1,58,1014,718,3496,2,5230,10,14,13,0,37,95,26,167,3,291,21,0,45,0,66,60,18,128,0,206,94,103,281,0,478,35,41,89,0,165,64,14,120,1,199,39,34,89,1,163,72,60,168,0,300,1394,860,4680,8,6942,20,13,51,0,84,35,11,54,0,100,8,4,10,0,22,7,15,12,0,34,59,17,131,0,207,352,757,1217,5,2331,7,10,35,0,52,17018
13,235,Pulaski,4,2,5,0,11,2,6,5,0,13,102,118,916,1,1137,1,3,1,0,5,9,5,31,0,45,1,1,3,0,5,2,0,15,0,17,32,49,101,0,182,9,9,24,0,42,12,1,18,0,31,10,8,34,0,52,8,9,33,0,50,190,182,1108,0,1480,5,3,12,0,20,4,1,9,0,14,1,2,3,0,6,1,2,5,0,8,8,1,23,0,32,91,236,488,0,815,2,2,10,0,14,3979
13,237,Putnam,8,14,7,0,29,12,10,8,0,30,613,752,2228,1,3594,7,4,4,0,15,33,30,89,0,152,7,6,15,0,28,35,12,45,0,92,85,126,197,0,408,17,36,48,0,101,25,13,46,0,84,19,28,45,0,92,30,68,59,0,157,776,966,2466,0,4208,15,12,26,0,53,16,8,24,0,48,5,5,10,0,20,4,13,7,0,24,21,8,32,0,61,267,1082,1096,0,2445,19,12,22,0,53,11694
13,239,Quitman,0,0,3,0,3,2,0,0,0,2,49,38,175,0,262,0,0,2,0,2,5,1,9,0,15,3,1,2,0,6,3,2,2,0,7,36,16,33,0,85,7,4,7,0,18,5,0,6,0,11,8,3,9,1,21,9,8,10,0,27,83,53,149,0,285,13,1,9,0,23,1,0,0,0,1,1,0,2,0,3,0,6,2,0,8,2,1,5,0,8,78,91,114,0,283,4,1,2,0,7,1077
13,241,Rabun,9,10,9,0,28,9,11,19,0,39,649,1061,2866,0,4576,4,13,13,0,30,24,28,50,0,102,5,5,5,0,15,22,16,48,0,86,30,70,91,0,191,8,15,19,0,42,23,6,45,0,74,10,17,26,0,53,30,65,112,0,207,400,585,1490,0,2475,6,9,26,0,41,22,11,38,0,71,6,3,8,0,17,4,11,11,0,26,24,11,34,0,69,91,586,546,0,1223,5,11,5,0,21,9386
13,243,Randolph,3,3,6,0,12,3,4,2,0,9,129,86,365,0,580,3,1,1,0,5,12,4,13,0,29,5,0,7,0,12,6,1,8,0,15,86,49,114,0,249,11,12,15,0,38,3,2,11,0,16,15,12,35,0,62,10,5,22,0,37,144,118,444,0,706,16,7,15,0,38,1,1,3,0,5,0,0,0,0,0,3,1,6,0,10,5,2,3,0,10,259,354,564,2,1179,3,2,5,0,10,3022
13,245,Richmond,64,125,82,0,271,115,116,79,0,310,2704,2153,4193,0,9050,74,117,79,0,270,237,111,212,0,560,76,65,100,0,241,256,118,218,0,592,2157,1862,3409,0,7428,737,729,1216,0,2682,188,78,184,0,450,701,583,1080,0,2364,634,457,991,0,2082,4751,3772,6840,0,15363,359,134,530,0,1023,219,103,181,0,503,83,73,83,0,239,855,3202,2524,0,6581,160,56,178,0,394,5956,12974,15249,0,34179,227,192,348,0,767,85349
13,247,Rockdale,29,41,48,0,118,32,40,55,0,127,747,1036,2625,3,4411,19,45,45,0,109,57,52,137,1,247,39,16,46,1,102,56,57,122,1,236,671,901,2523,8,4103,228,294,752,0,1274,43,24,88,0,155,240,309,843,3,1395,200,251,601,0,1052,1368,1802,4145,7,7322,128,62,360,1,551,64,34,110,0,208,31,25,58,0,114,18,71,99,0,188,63,28,105,0,196,2019,7123,12792,8,21942,76,71,211,2,360,44210
13,249,Schley,0,1,2,0,3,3,0,2,0,5,137,74,651,1,863,1,0,2,0,3,5,2,27,0,34,3,3,4,0,10,6,1,23,0,30,9,16,41,0,66,2,1,8,0,11,4,0,21,0,25,3,2,11,0,16,4,2,11,0,17,127,80,567,0,774,2,1,10,0,13,3,2,4,0,9,1,0,0,0,1,0,2,0,0,2,8,1,20,0,29,44,118,153,0,315,0,0,0,0,0,2226
13,251,Screven,6,2,5,0,13,3,7,8,0,18,458,192,817,7,1474,3,3,4,0,10,33,6,49,0,88,8,3,4,0,15,20,5,22,0,47,111,98,211,2,422,36,20,57,0,113,23,3,40,0,66,35,24,70,0,129,35,25,67,1,128,645,294,1136,3,2078,9,5,21,0,35,8,2,17,0,27,2,0,5,0,7,4,9,8,0,21,26,2,27,0,55,369,538,774,4,1685,6,6,13,0,25,6456
13,253,Seminole,7,1,10,0,18,9,8,8,0,25,430,144,688,0,1262,3,0,5,0,8,26,10,59,0,95,3,2,7,0,12,16,5,29,0,50,100,35,209,0,344,23,12,45,0,80,14,5,30,0,49,25,11,48,0,84,29,16,63,0,108,402,97,520,0,1019,11,4,22,0,37,7,1,6,0,14,2,1,6,0,9,3,6,9,0,18,25,3,20,0,48,65,132,222,0,419,8,11,19,0,38,3737
13,255,Spalding,29,13,21,6,69,33,23,33,8,97,1743,1341,3569,205,6858,16,20,13,2,51,119,60,132,19,330,16,14,15,5,50,94,31,107,12,244,413,315,568,42,1338,154,130,164,22,470,96,19,95,7,217,133,117,184,19,453,140,120,164,7,431,2893,1969,4658,239,9759,73,21,96,6,196,99,24,47,12,182,18,15,17,2,52,9,23,19,2,53,88,24,90,9,211,1617,3358,3339,229,8543,37,30,35,7,109,29713
13,257,Stephens,5,5,21,0,31,6,10,23,0,39,760,997,4892,3,6652,9,7,18,0,34,34,21,127,0,182,8,2,11,0,21,33,23,91,0,147,54,120,217,0,391,24,31,72,0,127,26,5,71,0,102,18,26,55,0,99,30,61,131,0,222,298,347,1480,1,2126,13,5,36,0,54,25,16,44,0,85,7,3,13,0,23,3,9,13,0,25,29,7,67,0,103,136,411,597,0,1144,4,16,11,0,31,11638
13,259,Stewart,2,1,2,0,5,1,0,1,0,2,94,51,244,1,390,0,1,1,0,2,7,1,12,0,20,3,1,6,0,10,3,0,2,0,5,61,37,85,0,183,14,9,14,0,37,1,2,4,0,7,9,5,17,0,31,29,6,29,0,64,95,53,175,4,327,7,4,11,0,22,3,0,2,0,5,2,1,2,0,5,2,1,3,2,8,2,0,4,0,6,156,285,318,5,764,2,5,6,0,13,1906
13,261,Sumter,12,12,26,0,50,3,7,7,0,17,703,370,1655,7,2735,6,5,12,0,23,23,12,52,1,88,12,10,26,1,49,29,9,56,0,94,207,148,452,1,808,49,47,94,0,190,33,7,34,0,74,63,33,143,1,240,59,47,164,0,270,653,428,1468,4,2553,17,3,51,0,71,19,2,15,0,36,5,2,6,0,13,11,19,27,0,57,28,8,42,0,78,711,1630,2129,4,4474,19,13,26,0,58,11978
13,263,Talbot,1,3,1,0,5,8,6,2,0,16,192,95,333,0,620,7,2,2,0,11,11,5,6,0,22,2,1,4,0,7,8,3,7,0,18,79,66,70,0,215,23,22,14,0,59,10,6,10,0,26,22,30,32,0,84,20,13,17,0,50,225,131,320,0,676,11,11,7,0,29,6,3,5,0,14,1,0,2,0,3,5,9,6,0,20,7,5,4,0,16,348,735,448,0,1531,10,6,11,0,27,3449
13,265,Taliaferro,2,2,0,0,4,0,2,1,0,3,38,25,87,0,150,0,1,1,0,2,2,1,5,0,8,2,0,2,0,4,2,0,3,0,5,26,39,47,0,112,3,4,11,0,18,1,1,4,0,6,3,5,4,0,12,3,4,9,0,16,48,34,96,0,178,5,3,3,0,11,0,0,0,0,0,0,1,0,0,1,1,3,1,0,5,0,0,2,0,2,57,154,132,0,343,1,2,1,0,4,884
13,267,Tattnall,10,6,10,0,26,11,11,20,0,42,520,320,1491,0,2331,5,4,11,0,20,40,13,76,0,129,7,7,8,0,22,15,12,46,0,73,91,61,176,0,328,25,18,55,0,98,33,14,48,0,95,34,25,43,0,102,32,19,79,0,130,783,428,1834,0,3045,8,12,16,0,36,20,3,18,0,41,4,2,7,0,13,1,7,10,0,18,50,13,95,0,158,218,343,639,0,1200,5,7,11,0,23,7930
13,269,Taylor,5,2,6,0,13,2,2,6,0,10,143,117,786,4,1050,0,0,6,0,6,5,10,35,0,50,2,0,4,1,7,5,0,15,0,20,52,49,108,0,209,9,8,20,0,37,6,4,30,2,42,7,12,22,0,41,15,14,21,0,50,157,162,849,5,1173,3,2,8,0,13,2,1,10,0,13,0,5,2,0,7,1,6,5,0,12,11,2,21,0,34,193,368,399,2,962,7,3,9,1,20,3769
13,271,Telfair,5,2,3,0,10,3,4,6,0,13,387,158,748,0,1293,1,0,3,0,4,20,1,23,0,44,6,1,2,0,9,12,4,13,0,29,64,40,93,0,197,7,10,23,0,40,20,2,20,0,42,14,65,31,0,110,15,15,32,0,62,406,189,591,0,1186,6,5,8,0,19,5,0,3,0,8,1,0,2,0,3,1,1,1,0,3,45,3,45,0,93,205,443,351,0,999,5,2,8,0,15,4179
13,273,Terrell,2,8,3,0,13,3,7,1,0,11,255,116,453,0,824,3,4,7,0,14,13,2,24,0,39,6,2,6,0,14,11,1,8,0,20,132,87,165,0,384,25,21,25,0,71,16,5,11,0,32,31,32,54,0,117,30,24,39,0,93,350,153,555,0,1058,12,7,23,0,42,9,2,7,0,18,2,0,2,0,4,4,9,4,0,17,16,2,9,0,27,294,598,615,1,1508,13,13,16,0,42,4348
13,275,Thomas,17,22,39,0,78,38,28,54,0,120,1144,772,3843,0,5759,18,16,25,0,59,83,31,304,0,418,18,13,38,0,69,71,26,184,1,282,369,418,1164,2,1953,108,131,318,0,557,68,20,189,0,277,107,127,333,0,567,109,149,434,0,692,1158,798,3769,0,5725,52,31,146,0,229,42,13,54,0,109,9,7,18,0,34,10,52,50,0,112,82,25,186,0,293,591,1231,1985,2,3809,23,37,51,0,111,21253
13,277,Tift,12,10,14,0,36,7,24,36,0,67,1040,521,2910,2,4473,7,3,20,0,30,65,14,97,0,176,10,7,25,0,42,37,11,64,1,113,191,158,355,9,713,37,51,112,0,200,50,12,74,0,136,86,78,194,1,359,75,56,158,0,289,1403,687,3507,6,5603,30,13,57,0,100,29,16,44,0,89,7,2,8,0,17,3,14,16,1,34,46,3,98,0,147,656,946,1676,6,3284,18,16,45,0,79,15987
13,279,Toombs,11,11,19,0,41,14,10,19,0,43,706,522,2274,1,3503,3,9,6,0,18,59,16,84,0,159,9,1,11,0,21,38,14,50,0,102,112,145,198,1,456,24,35,57,0,116,54,18,67,0,139,50,54,79,0,183,35,49,91,0,175,751,609,2092,4,3456,15,4,21,0,40,30,2,21,0,53,6,4,7,0,17,4,8,9,0,21,113,24,178,0,315,311,690,756,3,1760,9,5,19,0,33,10651
13,281,Towns,9,2,5,0,16,4,7,12,0,23,588,751,2655,5,3999,2,3,5,0,10,14,15,49,2,80,4,4,8,0,16,16,9,35,0,60,20,65,83,0,168,4,9,14,0,27,16,6,26,0,48,2,17,24,0,43,17,58,88,0,163,297,430,1308,1,2036,4,14,13,0,31,9,4,16,0,29,1,1,5,0,7,1,8,3,0,12,18,2,25,0,45,74,494,449,0,1017,1,8,7,1,17,7847
13,283,Treutlen,0,4,6,0,10,5,4,11,0,20,156,117,644,0,917,3,3,1,0,7,15,1,34,0,50,1,0,2,0,3,6,0,18,0,24,23,44,106,0,173,4,12,27,0,43,11,1,18,0,30,6,13,27,0,46,10,16,25,0,51,198,143,624,0,965,4,1,6,0,11,5,2,2,0,9,1,0,2,0,3,2,1,1,0,4,10,3,25,0,38,68,172,311,0,551,3,4,3,0,10,2965
13,285,Troup,26,16,36,0,78,40,30,35,1,106,1710,1226,4429,20,7385,17,23,26,0,66,119,38,216,3,376,32,10,21,0,63,122,26,179,5,332,522,348,870,9,1749,139,96,190,2,427,111,19,128,1,259,178,121,282,1,582,184,130,300,2,616,2323,1586,5245,11,9165,60,25,97,1,183,61,21,73,1,156,25,6,25,0,56,12,36,24,0,72,87,17,150,2,256,1653,2462,3348,14,7477,45,31,68,0,144,29548
13,287,Turner,8,1,6,0,15,2,4,10,0,16,135,90,631,0,856,1,1,2,0,4,6,4,27,0,37,2,4,9,0,15,2,6,16,0,24,68,31,99,0,198,17,11,31,0,59,11,0,20,0,31,20,19,54,0,93,15,10,40,0,65,196,132,981,1,1310,11,4,15,0,30,12,1,12,0,25,0,0,2,0,2,0,4,6,0,10,8,1,26,1,36,179,184,503,0,866,6,5,14,0,25,3717
13,289,Twiggs,4,8,2,0,14,4,7,2,0,13,291,113,503,0,907,2,0,2,0,4,15,3,21,0,39,3,0,2,0,5,9,2,9,0,20,59,59,91,0,209,25,22,21,0,68,17,4,13,0,34,15,22,24,0,61,20,15,29,0,64,465,177,629,0,1271,7,4,21,0,32,10,2,5,0,17,1,2,0,0,3,0,3,6,0,9,9,3,19,0,31,296,549,663,0,1508,6,9,15,0,30,4339
13,291,Union,7,6,11,0,24,8,10,15,0,33,2142,1449,4502,7,8100,5,16,11,0,32,48,23,88,1,160,4,2,11,0,17,32,17,55,1,105,36,117,133,0,286,11,9,27,0,47,28,10,52,1,91,13,20,28,0,61,41,85,114,0,240,1009,758,2178,0,3945,12,11,26,0,49,27,17,28,0,72,7,4,12,0,23,4,17,14,0,35,42,7,47,0,96,196,907,801,0,1904,5,21,16,0,42,15362
13,293,Upson,9,9,17,0,35,8,11,11,0,30,518,478,2642,0,3638,7,10,6,0,23,57,18,100,0,175,9,3,17,0,29,27,11,77,0,115,111,102,245,0,458,42,39,93,0,174,26,4,67,0,97,27,29,79,0,135,38,39,91,0,168,634,651,2951,0,4236,13,11,42,0,66,26,13,31,0,70,7,2,6,0,15,6,11,9,0,26,20,7,83,0,110,413,1250,1416,0,3079,7,16,17,0,40,12719
13,295,Walker,42,23,47,0,112,54,45,45,0,144,1758,1260,4682,4,7704,29,31,45,0,105,228,93,468,0,789,63,32,116,0,211,194,64,322,0,580,171,346,505,0,1022,56,79,162,2,299,174,46,308,1,529,59,76,126,0,261,186,318,424,0,928,2773,2000,7484,1,12258,47,38,97,0,182,121,49,125,0,295,27,8,39,0,74,18,73,62,0,153,176,48,408,1,633,309,889,915,0,2113,25,71,48,0,144,28536
13,297,Walton,29,28,39,0,96,50,30,68,0,148,2626,2065,7624,0,12315,33,16,43,0,92,169,104,342,0,615,35,20,59,0,114,151,45,247,0,443,375,410,926,0,1711,112,133,246,0,491,148,42,236,0,426,103,120,306,0,529,132,186,348,0,666,5500,3676,13502,0,22678,57,35,126,0,218,166,62,186,0,414,23,11,48,0,82,9,31,27,0,67,124,47,254,0,425,1268,3066,4083,0,8417,31,58,100,0,189,50136
13,299,Ware,15,10,20,0,45,16,20,28,0,64,1344,768,3227,0,5339,6,8,15,0,29,78,38,166,0,282,11,8,20,0,39,41,30,87,0,158,140,284,515,0,939,72,99,194,0,365,60,18,91,0,169,55,117,181,0,353,59,82,180,0,321,840,525,1958,0,3323,23,34,61,0,118,40,6,26,0,72,6,1,20,0,27,8,18,28,0,54,93,29,200,0,322,174,819,769,0,1762,4,24,37,0,65,13846
13,301,Warren,2,3,6,0,11,2,4,4,0,10,69,85,297,0,451,2,3,1,0,6,3,3,14,0,20,2,0,1,0,3,0,1,12,0,13,70,67,112,0,249,15,16,41,0,72,2,4,10,0,16,21,23,45,0,89,14,11,37,0,62,107,115,413,0,635,6,8,9,0,23,2,0,6,0,8,2,2,1,0,5,7,52,26,0,85,2,2,5,0,9,151,328,350,0,829,5,6,6,0,17,2613
13,303,Washington,9,7,7,0,23,8,5,5,0,18,549,274,1086,2,1911,7,10,8,0,25,27,5,31,0,63,10,3,12,0,25,23,13,32,0,68,192,222,339,1,754,46,64,68,0,178,29,8,25,0,62,81,71,119,0,271,37,37,69,0,143,760,421,1192,3,2376,12,10,28,0,50,10,2,6,0,18,6,2,4,0,12,14,30,12,0,56,22,4,17,0,43,656,1247,1140,3,3046,15,15,25,0,55,9197
13,305,Wayne,11,6,14,0,31,9,13,14,0,36,923,595,2494,3,4015,7,8,8,0,23,57,28,140,0,225,10,1,15,0,26,42,14,90,0,146,65,97,216,0,378,35,25,86,0,146,86,13,139,0,238,22,28,60,0,110,40,34,97,0,171,1195,648,2946,2,4791,11,7,38,0,56,23,7,30,0,60,9,5,13,0,27,3,6,6,0,15,74,16,174,1,265,267,459,932,2,1660,14,19,21,0,54,12473
13,307,Webster,2,0,0,0,2,1,0,1,0,2,62,56,244,0,362,0,1,1,0,2,3,0,4,0,7,2,2,4,0,8,3,2,4,0,9,22,28,36,0,86,5,5,8,0,18,3,0,4,0,7,3,14,12,0,29,6,4,15,0,25,60,53,211,0,324,5,2,3,0,10,1,0,0,0,1,0,0,0,0,0,0,4,2,0,6,2,1,5,0,8,95,159,189,0,443,2,5,3,0,10,1359
13,309,Wheeler,2,0,5,0,7,2,2,4,0,8,174,78,442,0,694,2,1,2,0,5,9,11,26,0,46,3,0,2,0,5,10,2,6,0,18,33,22,43,0,98,4,6,7,0,17,17,2,15,0,34,13,8,13,0,34,9,7,15,0,31,198,104,386,0,688,5,1,6,0,12,3,2,2,0,7,0,0,0,0,0,2,1,3,0,6,11,4,36,0,51,121,128,210,0,459,2,2,3,0,7,2227
13,311,White,9,9,8,0,26,11,12,17,0,40,2047,1327,4193,4,7571,7,5,17,0,29,57,23,72,0,152,9,9,9,0,27,64,16,73,0,153,55,100,105,0,260,9,12,29,0,50,36,10,68,0,114,14,17,30,0,61,41,62,106,0,209,1147,716,2169,1,4033,5,3,25,0,33,48,15,51,0,114,8,9,11,0,28,2,8,2,0,12,38,9,48,0,95,239,673,692,0,1604,10,11,14,0,35,14646
13,313,Whitfield,87,29,64,1,181,60,47,69,0,176,3112,1397,4929,17,9455,52,39,68,1,160,302,81,378,5,766,74,28,81,1,184,264,61,328,4,657,702,497,1224,6,2429,159,103,290,0,552,216,58,280,1,555,208,136,317,0,661,376,279,659,0,1314,4455,1928,6508,14,12905,110,43,203,0,356,148,39,141,0,328,44,23,37,0,104,33,66,78,1,178,203,39,257,1,500,890,1292,1689,5,3876,79,71,106,0,256,35593
13,315,Wilcox,4,3,7,0,14,4,2,6,0,12,300,127,624,0,1051,2,0,3,0,5,12,2,17,0,31,3,1,4,0,8,7,5,9,0,21,44,23,55,0,122,10,3,18,0,31,14,0,8,0,22,36,7,27,0,70,20,2,26,0,48,356,203,596,0,1155,3,1,9,0,13,4,2,4,0,10,2,0,0,0,2,0,0,1,0,1,14,2,31,0,47,173,153,212,0,538,6,4,7,0,17,3218
13,317,Wilkes,6,2,4,0,12,5,3,4,0,12,261,196,672,2,1131,4,4,1,0,9,16,8,39,0,63,5,3,5,0,13,17,4,21,0,42,118,101,166,1,386,21,39,45,1,106,13,2,22,1,38,25,27,42,0,94,31,27,43,0,101,372,262,858,1,1493,15,11,19,0,45,9,3,6,0,18,1,1,3,0,5,6,20,12,0,38,7,1,11,0,19,252,480,525,0,1257,8,6,9,1,24,4906
13,319,Wilkinson,5,4,7,0,16,6,2,5,1,14,509,93,454,1,1057,4,3,3,0,10,33,5,16,0,54,4,1,6,1,12,7,1,8,0,16,66,47,115,0,228,24,17,47,0,88,19,2,6,0,27,15,9,28,0,52,23,12,22,0,57,673,139,593,2,1407,11,4,21,0,36,5,4,5,0,14,1,0,1,0,2,1,1,1,0,3,15,2,12,0,29,385,479,674,1,1539,8,9,11,0,28,4689
13,321,Worth,13,6,14,0,33,9,8,10,0,27,1055,299,1420,0,2774,5,2,8,0,15,51,13,61,0,125,8,1,5,0,14,17,10,38,0,65,98,78,139,0,315,27,17,28,0,72,47,4,37,0,88,44,40,62,0,146,30,25,47,0,102,1473,429,1637,0,3539,19,5,26,0,50,12,4,15,0,31,7,6,2,0,15,4,11,2,0,17,39,3,36,0,78,363,568,658,0,1589,6,12,14,0,32,9127